Unnamed: 0,Code,Code.1,Description,Type,Unit,Rate,Extracted Price,New Rate (ex VAT),New Rate INCL VAT),% change,Discount,Wastage,Cost Code,Supplier Code,Supplier,URL,Comments,"Source
",Web,Status,Unnamed: 21,InApp Comment,cluster_type,cluster_probability,confidence
,BME4001,BME4001,High Yield bar reinforcement (Grade 500) 25mm,1.0,t,3923.4,,,,,0.0,0.1,17,7552,METALS4U,https://www.metals4u.co.uk/shop-by-application/building-construction/concrete-reinforcement/rebar/7552-p,260 meters per ton x cost per metre (note 24mm not 25mm but same)  May 24 ce updates £15.09 exc vat added url ,metals4u.co,Yes,,,,0,0.9410234562708897,0.12826007604599
,BME4002,BME4002,High Yield bar reinforcement (Grade 500) 20mm,1.0,t,3178.98,,,,,0.0,0.1,17,7550,METALS4U,https://www.metals4u.co.uk/shop-by-application/building-construction/concrete-reinforcement/rebar/7550-p,406 metres per ton x cost per metre    20mm   May 24 ce updates £7.83  exc vat added url ,metals4u.co,Yes,,,,0,1.0,1.0
,BME4003,BME4003,High Yield bar reinforcement (Grade 500) 16mm,1.0,t,3138.3,,,,,0.0,0.1,17,7548,METALS4U,https://www.metals4u.co.uk/shop-by-application/building-construction/concrete-reinforcement/rebar/7548-p,634 metres per ton x cost per metre    16mm    May 24 ce updates £4.95  exc vat added url ,metals4u.co,Yes,,,,0,0.7219100037047813,0.0
,BME4004,BME4004,High Yield bar reinforcement (Grade 500) 12mm,1.0,t,3558.16,,,,,0.0,0.1,17,7547,METALS4U,https://www.metals4u.co.uk/shop-by-application/building-construction/concrete-reinforcement/rebar/7547-p,1126 metres per ton x cost per metre  12mm    May 24 ce updates £3.16  exc vat added url ,metals4u.co,Yes,,,,0,0.9362156734427759,0.36503612995147705
,BME4005,BME4005,High Yield bar reinforcement (Grade 500) 10mm,1.0,t,4043.76,,,,,0.0,0.1,17,7549,METALS4U,https://www.metals4u.co.uk/shop-by-application/building-construction/concrete-reinforcement/rebar/7549-p,1624 metres per ton x cost per metre  10mm    May 24 ce updates £2.49  exc vat added url ,metals4u.co,Yes,,,,0,0.9026589200661034,0.2940472960472107
,BME4006,BME4006,High Yield bar reinforcement (Grade 500) 8mm,1.0,t,4836.12,,,,,0.0,0.1,17,7551,METALS4U,https://www.metals4u.co.uk/shop-by-application/building-construction/concrete-reinforcement/rebar/7551-p,2532 metres per ton x cost per metre   8mm     May 24 ce updates £1.91  exc vat added url ,metals4u.co,Yes,,,,0,0.9410234562708897,0.019095122814178467
,BMF12002,BMF12002,Mild Steel 6 x 25mm flat arch bars,2.0,m,3.45,,,,,0.0,0.0,17,2061,METALS4U,https://www.metals4u.co.uk/materials/mild-steel/mild-steel-flat/flat-black/2061-p,price per m      May 24 ce updates £3.45  exc vat added url         6 x 25mm flat arch bars   ,metals4u.co,Yes,,,,1,1.0,0.19372928142547607
,BMF12003,BMF12003,Mild Steel 6 x 30mm flat arch bars,2.0,m,3.95,,,,,0.0,0.0,17,2062,METALS4U,https://www.metals4u.co.uk/materials/mild-steel/mild-steel-flat/flat-black/2062-p,price per m      May 24 ce updates £3.95  exc vat added url        6 x 30mm flat arch bars,metals4u.co,Yes,,,,1,1.0,0.20043349266052246
,BMF15003,BMF15003,10mm Diameter 316 Stainless Steel Round Bar x 500mm long,,nr,5.97,,,,,0.0,0.0,17,1694,METALS4U,https://www.metals4u.co.uk/materials/stainless-steel/stainless-steel-round/1694-p,price each nr  use calculate box for pricing 500mm  long May 24 ce updates ex vat added url ,metals4u.co,Yes,,,,1,1.0,1.0
,BMF15004,BMF15004,20mm Diameter 316 Stainless Steel Round Bar x 500mm long,,nr,32.0,,,,,0.0,0.0,17,1173,METALS4U,https://www.metals4u.co.uk/materials/stainless-steel/stainless-steel-round/1173-p,price each nr  use calculate box for pricing 500mm  long May 24 ce updates ex vat added url ,metals4u.co,Yes,,,,1,0.9750329875788722,0.010956227779388428
,BMG1001,BMG1001,203 x 133 x 25 kg/m Universal beams.,,t,3160.0,,3160.0,,0.0,0.0,0.0,17,11741     multiply x 40 ,METALS4U,https://www.metals4u.co.uk/shop-by-application/building-construction/rsjs-i-beams-and-red-oxide-profiles/rsjs/11741-p,Based on 1m beam price £93.58 ex vat 22.3.23   (July 23 - 1000mm = 25kg weight ) Calc: 1000/25 = 40 x £95.58 = £3743.20 ex vat   see drop down menus    Jan 24  ce price  £79 ex vat Jan 24 price                                                         May 24 ce still £79 added url 1000/25 = 40 x 79 = 3160,metals4u.co,Yes,,,,0,1.0,0.33115917444229126
,BMG1002,BMG1002,203 x 203 x 46 kg/m Universal beams.,,t,4565.22,,4565.22,,0.0,0.0,0.0,17,SKU 13686      price x 21.73913 ,METALS4U,https://www.metals4u.co.uk/shop-by-application/building-construction/rsjs-i-beams-and-red-oxide-profiles/rsjs/13686-p,price tonne (1000 divided by kg per metre  = 46kg ) x cost per metre  Calc 1000/46 = 21.73913 x price May 24  £200 per mtr exc vat    = 21.73913 x 200 = £4347.83   May 24 no change added url ,metals4u.co,Yes,,,,0,1.0,0.08792620897293091
,BMG1003,BMG1003,Steel plate 3mm,,m2,59.95,,,,,0.0,0.0,17,2501,METALS4U,https://www.metals4u.co.uk/materials/mild-steel/mild-steel-sheet/sheets/2501-p,May24 ce update no change added url prcced per m ,metals4u.co,Yes,,,,1,1.0,0.1593756079673767
,BMG1004,BMG1004,Steel equal angle 25mm x 3mm thick,,m,3.49,,,,,0.0,0.1,17,2269,METALS4U,https://www.metals4u.co.uk/materials/mild-steel/mild-steel-angle-iron/angle-iron-hot-rolled/equal-angle/2269-p,May 24 ce update  added url priced per m ,metals4u.co,Yes,,,,1,1.0,0.16238033771514893
,BMP2008,BMP2008,Black mild steel round bar 25mm,,m,9.99,,,,,0.0,0.1,02,2365,METALS4U,https://www.metals4u.co.uk/materials/mild-steel/mild-steel-round/round-black/2365-p,May24 ce update  added url priced per m ,metals4u.co,Yes,,,,1,1.0,0.15712851285934448
,BMP26001,BMP26001,Galvanised mild steel waterbars 3 x 30mm,,m,7.04,,,,,0.0,0.1,02,12550,METALS4U,https://www.metals4u.co.uk/materials/mild-steel/mild-steel-galvanised/galvanised-flat/12550-p,May 24 ce update   exc vat added url priced per m ,metals4u.co,Yes,,,,1,1.0,0.10602355003356934
,BMP26002,BMP26002,Galvanised mild steel waterbars 3 x 50mm,,m,8.65,,,,,0.0,0.1,02,12551,METALS4U,https://www.metals4u.co.uk/materials/mild-steel/mild-steel-galvanised/galvanised-flat/12551-p,May 24 ce update  previous price entered look incorrect  new price correct exc vat added url priced per m ,metals4u.co,Yes,,,,1,0.9597135090100025,0.06990671157836914
,19010755,19010755,Threaded Rod M6,,m,1.32,,1.32,,0.0,0.0,0.05,02,8869,METALS4U,https://www.metals4u.co.uk/fixtures-fittings/fasteners/fasteners-threaded-rod/threaded-rod-zinc-plated/8869-p,Mar 24 ce updates no changes,metals4u.co,Yes,,,,1,1.0,0.16697221994400024
,19010766,19010766,Threaded Rod M8,,m,1.75,,1.75,,0.0,0.0,0.05,02,8791,METALS4U,https://www.metals4u.co.uk/fixtures-fittings/fasteners/fasteners-threaded-rod/threaded-rod-self-colour/8791-p,https://www.metals4u.co.uk/fixtures-fittings/fasteners/fasteners-threaded-rod/threaded-rod-self-colour/8791-p,metals4u.co,Yes,,,,1,1.0,0.09633153676986694
,19010777,19010777,Threaded Rod M10,,m,2.77,,,,,0.0,0.05,02,8792,METALS4U,https://www.metals4u.co.uk/fixtures-fittings/fasteners/fasteners-threaded-rod/threaded-rod-self-colour/8792-p,https://www.metals4u.co.uk/fixtures-fittings/fasteners/fasteners-threaded-rod/threaded-rod-self-colour/8792-p,metals4u.co,Yes,,,,1,1.0,0.053138136863708496
,19010788,19010788,Threaded Rod M12,,m,4.3,,,,,0.0,0.05,02,8793,METALS4U,https://www.metals4u.co.uk/fixtures-fittings/fasteners/fasteners-threaded-rod/threaded-rod-self-colour/8793-p,https://www.metals4u.co.uk/fixtures-fittings/fasteners/fasteners-threaded-rod/threaded-rod-self-colour/8793-p,metals4u.co,Yes,,,,1,1.0,0.20580029487609863
,308889,308889,40 x 40 x 6mm Angle Iron,,m,8.45,,,,,0.0,0.05,17,2275,METALS4U,https://www.metals4u.co.uk/materials/mild-steel/mild-steel-angle-iron/angle-iron-hot-rolled/equal-angle/2275-p,Price decrease Mar 24 ce,metals4u.co,Yes,,,,1,0.9811977153159679,-1.1920928955078125e-07
